#,Average,std
12,1.0,0.0
13,1.0,0.0
9,1.21,0.40936018074033226
10,1.0,0.0
11,1.0,0.0
14,2.01,0.1
17,1.01,0.09999999999999999
1,1.0,0.0
5,2.76,0.5148305595538257
6,3.59,0.4943110704237103
7,2.02,0.19999999999999998
2,1.74,0.44084400227680803
8,1.0,0.0
3,1.0,0.0
4,1.0,0.0
15,5.0,0.0
16,5.0,0.0